lsoa11cd,LSOA.name..2011.,Local.Authority.District.code..2019.,Local.Authority.District.name..2019.,IMD_rank,IMD_decile
E01006412,Knowsley 006A,E08000011,Knowsley,264,1
E01006413,Knowsley 006B,E08000011,Knowsley,97,1
E01006414,Knowsley 006C,E08000011,Knowsley,"1,297",1
E01006415,Knowsley 003A,E08000011,Knowsley,"3,757",2
E01006416,Knowsley 005A,E08000011,Knowsley,625,1
E01006417,Knowsley 003B,E08000011,Knowsley,103,1
E01006418,Knowsley 005B,E08000011,Knowsley,662,1
E01006419,Knowsley 019A,E08000011,Knowsley,"16,152",5
E01006420,Knowsley 017A,E08000011,Knowsley,"17,269",6
E01006421,Knowsley 018A,E08000011,Knowsley,"21,555",7
E01006422,Knowsley 019B,E08000011,Knowsley,"16,206",5
E01006423,Knowsley 019C,E08000011,Knowsley,"19,493",6
E01006424,Knowsley 017B,E08000011,Knowsley,"19,338",6
E01006425,Knowsley 018B,E08000011,Knowsley,"9,341",3
E01006426,Knowsley 020A,E08000011,Knowsley,639,1
E01006427,Knowsley 019D,E08000011,Knowsley,"14,187",5
E01006428,Knowsley 020B,E08000011,Knowsley,"4,117",2
E01006429,Knowsley 020C,E08000011,Knowsley,865,1
E01006430,Knowsley 018C,E08000011,Knowsley,"1,132",1
E01006431,Knowsley 020D,E08000011,Knowsley,"8,172",3
E01006432,Knowsley 020E,E08000011,Knowsley,"1,352",1
E01006433,Knowsley 018D,E08000011,Knowsley,"6,626",3
E01006434,Knowsley 005C,E08000011,Knowsley,694,1
E01006435,Knowsley 005D,E08000011,Knowsley,684,1
E01006436,Knowsley 003C,E08000011,Knowsley,162,1
E01006437,Knowsley 003D,E08000011,Knowsley,889,1
E01006438,Knowsley 005E,E08000011,Knowsley,"15,982",5
E01006439,Knowsley 005F,E08000011,Knowsley,"4,755",2
E01006440,Knowsley 010A,E08000011,Knowsley,396,1
E01006441,Knowsley 006D,E08000011,Knowsley,"4,683",2
E01006442,Knowsley 010B,E08000011,Knowsley,267,1
E01006443,Knowsley 010C,E08000011,Knowsley,141,1
E01006444,Knowsley 010D,E08000011,Knowsley,348,1
E01006445,Knowsley 010E,E08000011,Knowsley,371,1
E01006446,Knowsley 005G,E08000011,Knowsley,465,1
E01006447,Knowsley 003E,E08000011,Knowsley,481,1
E01006448,Knowsley 001A,E08000011,Knowsley,89,1
E01006449,Knowsley 012A,E08000011,Knowsley,"5,687",2
E01006450,Knowsley 012B,E08000011,Knowsley,880,1
E01006451,Knowsley 012C,E08000011,Knowsley,"3,377",2
E01006452,Knowsley 012D,E08000011,Knowsley,"5,573",2
E01006453,Knowsley 008A,E08000011,Knowsley,317,1
E01006454,Knowsley 002A,E08000011,Knowsley,"10,077",4
E01006455,Knowsley 004A,E08000011,Knowsley,238,1
E01006456,Knowsley 002B,E08000011,Knowsley,"6,358",2
E01006457,Knowsley 002C,E08000011,Knowsley,"9,956",4
E01006458,Knowsley 002D,E08000011,Knowsley,"1,566",1
E01006459,Knowsley 009A,E08000011,Knowsley,"8,653",3
E01006460,Knowsley 007A,E08000011,Knowsley,153,1
E01006461,Knowsley 007B,E08000011,Knowsley,955,1
E01006462,Knowsley 009B,E08000011,Knowsley,"13,539",5
E01006463,Knowsley 007C,E08000011,Knowsley,"1,958",1
E01006464,Knowsley 007D,E08000011,Knowsley,"5,444",2
E01006465,Knowsley 011A,E08000011,Knowsley,"16,357",5
E01006466,Knowsley 007E,E08000011,Knowsley,"9,734",3
E01006467,Knowsley 008B,E08000011,Knowsley,106,1
E01006470,Knowsley 008E,E08000011,Knowsley,277,1
E01006471,Knowsley 016A,E08000011,Knowsley,"20,025",7
E01006472,Knowsley 014A,E08000011,Knowsley,"16,107",5
E01006473,Knowsley 016B,E08000011,Knowsley,"15,079",5
E01006474,Knowsley 016C,E08000011,Knowsley,"12,673",4
E01006475,Knowsley 016D,E08000011,Knowsley,"13,557",5
E01006476,Knowsley 016E,E08000011,Knowsley,"23,844",8
E01006477,Knowsley 015A,E08000011,Knowsley,"3,349",2
E01006478,Knowsley 015B,E08000011,Knowsley,"1,648",1
E01006479,Knowsley 015C,E08000011,Knowsley,"5,054",2
E01006480,Knowsley 015D,E08000011,Knowsley,634,1
E01006481,Knowsley 015E,E08000011,Knowsley,"2,196",1
E01006482,Knowsley 011B,E08000011,Knowsley,"4,562",2
E01006483,Knowsley 011C,E08000011,Knowsley,"2,276",1
E01006484,Knowsley 011D,E08000011,Knowsley,"2,217",1
E01006485,Knowsley 014B,E08000011,Knowsley,"11,122",4
E01006486,Knowsley 014C,E08000011,Knowsley,"13,019",4
E01006487,Knowsley 014D,E08000011,Knowsley,"13,969",5
E01006488,Knowsley 014E,E08000011,Knowsley,"14,883",5
E01006489,Knowsley 014F,E08000011,Knowsley,"12,730",4
E01006490,Knowsley 002E,E08000011,Knowsley,"16,336",5
E01006491,Knowsley 002F,E08000011,Knowsley,"15,057",5
E01006492,Knowsley 001B,E08000011,Knowsley,"5,188",2
E01006493,Knowsley 001C,E08000011,Knowsley,82,1
E01006494,Knowsley 001D,E08000011,Knowsley,66,1
E01006495,Knowsley 001E,E08000011,Knowsley,"2,057",1
E01006496,Knowsley 009C,E08000011,Knowsley,"5,716",2
E01006497,Knowsley 013A,E08000011,Knowsley,"7,102",3
E01006498,Knowsley 009D,E08000011,Knowsley,"21,111",7
E01006499,Knowsley 009E,E08000011,Knowsley,"16,002",5
E01006500,Knowsley 013B,E08000011,Knowsley,"2,373",1
E01006501,Knowsley 013C,E08000011,Knowsley,"12,128",4
E01006502,Knowsley 017C,E08000011,Knowsley,"12,478",4
E01006503,Knowsley 017D,E08000011,Knowsley,"17,795",6
E01006504,Knowsley 013D,E08000011,Knowsley,"1,389",1
E01006505,Knowsley 013E,E08000011,Knowsley,"1,840",1
E01006506,Knowsley 004B,E08000011,Knowsley,"2,983",1
E01006507,Knowsley 004C,E08000011,Knowsley,551,1
E01006508,Knowsley 004D,E08000011,Knowsley,"4,519",2
E01006509,Knowsley 004E,E08000011,Knowsley,704,1
E01006510,Knowsley 004F,E08000011,Knowsley,"5,076",2
E01006512,Liverpool 031A,E08000012,Liverpool,"14,664",5
E01006513,Liverpool 060A,E08000012,Liverpool,"11,173",4
E01006514,Liverpool 037A,E08000012,Liverpool,"3,299",2
E01006515,Liverpool 037B,E08000012,Liverpool,"1,875",1
E01006518,Liverpool 044A,E08000012,Liverpool,330,1
E01006519,Liverpool 056A,E08000012,Liverpool,"24,274",8
E01006520,Liverpool 043A,E08000012,Liverpool,"3,448",2
E01006521,Liverpool 052A,E08000012,Liverpool,"9,780",3
E01006522,Liverpool 048A,E08000012,Liverpool,"3,648",2
E01006523,Liverpool 052B,E08000012,Liverpool,"5,210",2
E01006524,Liverpool 048B,E08000012,Liverpool,"27,925",9
E01006525,Liverpool 049A,E08000012,Liverpool,"25,797",8
E01006526,Liverpool 048C,E08000012,Liverpool,"11,662",4
E01006527,Liverpool 053A,E08000012,Liverpool,"14,462",5
E01006528,Liverpool 052C,E08000012,Liverpool,"8,753",3
E01006529,Liverpool 048D,E08000012,Liverpool,"15,598",5
E01006530,Liverpool 055A,E08000012,Liverpool,"23,398",8
E01006531,Liverpool 055B,E08000012,Liverpool,"21,586",7
E01006532,Liverpool 047A,E08000012,Liverpool,"23,114",8
E01006533,Liverpool 055C,E08000012,Liverpool,"9,749",3
E01006534,Liverpool 054A,E08000012,Liverpool,"7,047",3
E01006535,Liverpool 054B,E08000012,Liverpool,"5,200",2
E01006536,Liverpool 054C,E08000012,Liverpool,"3,954",2
E01006537,Liverpool 055D,E08000012,Liverpool,"11,474",4
E01006538,Liverpool 055E,E08000012,Liverpool,"13,396",5
E01006539,Liverpool 047B,E08000012,Liverpool,"24,374",8
E01006540,Liverpool 024A,E08000012,Liverpool,30,1
E01006541,Liverpool 015A,E08000012,Liverpool,"1,942",1
E01006542,Liverpool 018A,E08000012,Liverpool,"1,029",1
E01006543,Liverpool 015B,E08000012,Liverpool,"9,246",3
E01006544,Liverpool 015C,E08000012,Liverpool,288,1
E01006545,Liverpool 019A,E08000012,Liverpool,"2,151",1
E01006546,Liverpool 019B,E08000012,Liverpool,331,1
E01006547,Liverpool 019C,E08000012,Liverpool,10,1
E01006548,Liverpool 019D,E08000012,Liverpool,287,1
E01006549,Liverpool 043B,E08000012,Liverpool,"2,628",1
E01006550,Liverpool 038A,E08000012,Liverpool,"9,528",3
E01006551,Liverpool 048E,E08000012,Liverpool,"3,714",2
E01006552,Liverpool 039A,E08000012,Liverpool,"1,686",1
E01006553,Liverpool 042A,E08000012,Liverpool,"13,148",5
E01006554,Liverpool 048F,E08000012,Liverpool,"8,733",3
E01006556,Liverpool 039B,E08000012,Liverpool,275,1
E01006557,Liverpool 038B,E08000012,Liverpool,"13,973",5
E01006558,Liverpool 018B,E08000012,Liverpool,13,1
E01006560,Liverpool 023A,E08000012,Liverpool,168,1
E01006562,Liverpool 018E,E08000012,Liverpool,37,1
E01006563,Liverpool 024B,E08000012,Liverpool,43,1
E01006564,Liverpool 023B,E08000012,Liverpool,"2,711",1
E01006565,Liverpool 029A,E08000012,Liverpool,"3,535",2
E01006566,Liverpool 032A,E08000012,Liverpool,"7,323",3
E01006567,Liverpool 026A,E08000012,Liverpool,"1,676",1
E01006568,Liverpool 026B,E08000012,Liverpool,"8,033",3
E01006569,Liverpool 029B,E08000012,Liverpool,"1,163",1
E01006570,Liverpool 026C,E08000012,Liverpool,"10,735",4
E01006571,Liverpool 026D,E08000012,Liverpool,"1,431",1
E01006572,Liverpool 025A,E08000012,Liverpool,597,1
E01006573,Liverpool 029C,E08000012,Liverpool,"1,907",1
E01006574,Liverpool 025B,E08000012,Liverpool,"1,769",1
E01006575,Liverpool 034A,E08000012,Liverpool,"6,220",2
E01006576,Liverpool 034B,E08000012,Liverpool,"14,643",5
E01006577,Liverpool 034C,E08000012,Liverpool,"18,337",6
E01006578,Liverpool 036A,E08000012,Liverpool,"16,222",5
E01006579,Liverpool 034D,E08000012,Liverpool,"22,156",7
E01006580,Liverpool 036B,E08000012,Liverpool,"23,437",8
E01006581,Liverpool 036C,E08000012,Liverpool,"23,942",8
E01006582,Liverpool 041A,E08000012,Liverpool,"25,907",8
E01006583,Liverpool 047C,E08000012,Liverpool,"31,562",10
E01006584,Liverpool 034E,E08000012,Liverpool,"8,580",3
E01006585,Liverpool 032B,E08000012,Liverpool,"1,169",1
E01006586,Liverpool 032C,E08000012,Liverpool,"4,751",2
E01006587,Liverpool 032D,E08000012,Liverpool,"9,560",3
E01006588,Liverpool 042C,E08000012,Liverpool,"6,206",2
E01006589,Liverpool 041B,E08000012,Liverpool,"20,894",7
E01006590,Liverpool 042D,E08000012,Liverpool,"12,199",4
E01006591,Liverpool 041C,E08000012,Liverpool,"16,739",6
E01006592,Liverpool 041D,E08000012,Liverpool,"24,149",8
E01006593,Liverpool 042E,E08000012,Liverpool,"13,810",5
E01006594,Liverpool 047D,E08000012,Liverpool,"28,228",9
E01006595,Liverpool 049B,E08000012,Liverpool,"14,769",5
E01006596,Liverpool 049C,E08000012,Liverpool,"18,828",6
E01006597,Liverpool 041E,E08000012,Liverpool,"24,488",8
E01006598,Liverpool 010A,E08000012,Liverpool,468,1
E01006599,Liverpool 010B,E08000012,Liverpool,"1,433",1
E01006600,Liverpool 011A,E08000012,Liverpool,993,1
E01006603,Liverpool 011B,E08000012,Liverpool,"1,068",1
E01006604,Liverpool 016A,E08000012,Liverpool,"1,822",1
E01006605,Liverpool 016B,E08000012,Liverpool,"2,300",1
E01006606,Liverpool 020A,E08000012,Liverpool,"1,642",1
E01006607,Liverpool 008A,E08000012,Liverpool,"1,151",1
E01006608,Liverpool 009A,E08000012,Liverpool,"2,924",1
E01006609,Liverpool 009B,E08000012,Liverpool,"1,416",1
E01006610,Liverpool 009C,E08000012,Liverpool,132,1
E01006611,Liverpool 012A,E08000012,Liverpool,18,1
E01006612,Liverpool 008B,E08000012,Liverpool,525,1
E01006613,Liverpool 009D,E08000012,Liverpool,"1,632",1
E01006614,Liverpool 012B,E08000012,Liverpool,354,1
E01006615,Liverpool 012C,E08000012,Liverpool,425,1
E01006616,Liverpool 015D,E08000012,Liverpool,"2,556",1
E01006617,Liverpool 021A,E08000012,Liverpool,"11,443",4
E01006618,Liverpool 016C,E08000012,Liverpool,"2,626",1
E01006619,Liverpool 021B,E08000012,Liverpool,"9,726",3
E01006620,Liverpool 021C,E08000012,Liverpool,"10,423",4
E01006621,Liverpool 021D,E08000012,Liverpool,"16,696",6
E01006622,Liverpool 021E,E08000012,Liverpool,"25,534",8
E01006623,Liverpool 013A,E08000012,Liverpool,"19,293",6
E01006624,Liverpool 013B,E08000012,Liverpool,"4,213",2
E01006625,Liverpool 016D,E08000012,Liverpool,"11,227",4
E01006626,Liverpool 016E,E08000012,Liverpool,"9,492",3
E01006627,Liverpool 013C,E08000012,Liverpool,"6,670",3
E01006628,Liverpool 052D,E08000012,Liverpool,"12,745",4
E01006629,Liverpool 052E,E08000012,Liverpool,"7,284",3
E01006630,Liverpool 044B,E08000012,Liverpool,247,1
E01006632,Liverpool 044C,E08000012,Liverpool,"1,582",1
E01006633,Liverpool 050B,E08000012,Liverpool,298,1
E01006637,Liverpool 017A,E08000012,Liverpool,"1,277",1
E01006638,Liverpool 017B,E08000012,Liverpool,245,1
E01006639,Liverpool 017C,E08000012,Liverpool,"6,713",3
E01006640,Liverpool 021F,E08000012,Liverpool,"12,861",4
E01006641,Liverpool 025C,E08000012,Liverpool,"12,042",4
E01006642,Liverpool 025D,E08000012,Liverpool,485,1
E01006643,Liverpool 025E,E08000012,Liverpool,811,1
E01006644,Liverpool 017D,E08000012,Liverpool,"1,898",1
E01006645,Liverpool 017E,E08000012,Liverpool,471,1
E01006646,Liverpool 023C,E08000012,Liverpool,521,1
E01006647,Liverpool 024C,E08000012,Liverpool,121,1
E01006648,Liverpool 023D,E08000012,Liverpool,"2,388",1
E01006651,Liverpool 001A,E08000012,Liverpool,"21,700",7
E01006652,Liverpool 002A,E08000012,Liverpool,"8,152",3
E01006653,Liverpool 001B,E08000012,Liverpool,"2,846",1
E01006654,Liverpool 005A,E08000012,Liverpool,"7,111",3
E01006655,Liverpool 001C,E08000012,Liverpool,"4,416",2
E01006656,Liverpool 002B,E08000012,Liverpool,"5,473",2
E01006657,Liverpool 002C,E08000012,Liverpool,"3,495",2
E01006658,Liverpool 001D,E08000012,Liverpool,804,1
E01006659,Liverpool 005B,E08000012,Liverpool,815,1
E01006660,Liverpool 001E,E08000012,Liverpool,"1,383",1
E01006661,Liverpool 004A,E08000012,Liverpool,746,1
E01006662,Liverpool 004B,E08000012,Liverpool,566,1
E01006663,Liverpool 004C,E08000012,Liverpool,"2,353",1
E01006664,Liverpool 004D,E08000012,Liverpool,495,1
E01006665,Liverpool 007A,E08000012,Liverpool,"14,894",5
E01006666,Liverpool 007B,E08000012,Liverpool,"20,752",7
E01006667,Liverpool 007C,E08000012,Liverpool,"5,647",2
E01006668,Liverpool 007D,E08000012,Liverpool,"23,517",8
E01006669,Liverpool 004E,E08000012,Liverpool,"13,388",5
E01006670,Liverpool 007E,E08000012,Liverpool,"16,109",5
E01006671,Liverpool 013D,E08000012,Liverpool,"6,888",3
E01006672,Liverpool 010E,E08000012,Liverpool,"1,104",1
E01006673,Liverpool 037D,E08000012,Liverpool,"1,512",1
E01006674,Liverpool 039C,E08000012,Liverpool,196,1
E01006675,Liverpool 043C,E08000012,Liverpool,"1,625",1
E01006676,Liverpool 044D,E08000012,Liverpool,515,1
E01006677,Liverpool 043D,E08000012,Liverpool,143,1
E01006678,Liverpool 044E,E08000012,Liverpool,"1,278",1
E01006679,Liverpool 039D,E08000012,Liverpool,511,1
E01006680,Liverpool 053B,E08000012,Liverpool,"23,378",8
E01006681,Liverpool 054D,E08000012,Liverpool,"8,168",3
E01006682,Liverpool 053C,E08000012,Liverpool,"26,062",8
E01006683,Liverpool 053D,E08000012,Liverpool,"22,111",7
E01006684,Liverpool 056B,E08000012,Liverpool,"25,216",8
E01006685,Liverpool 056C,E08000012,Liverpool,"17,486",6
E01006686,Liverpool 053E,E08000012,Liverpool,"21,518",7
E01006687,Liverpool 056D,E08000012,Liverpool,"14,413",5
E01006688,Liverpool 056E,E08000012,Liverpool,"11,454",4
E01006689,Liverpool 049D,E08000012,Liverpool,"21,926",7
E01006690,Liverpool 028A,E08000012,Liverpool,796,1
E01006691,Liverpool 030A,E08000012,Liverpool,299,1
E01006692,Liverpool 028B,E08000012,Liverpool,"1,505",1
E01006693,Liverpool 024D,E08000012,Liverpool,565,1
E01006694,Liverpool 030B,E08000012,Liverpool,785,1
E01006695,Liverpool 028C,E08000012,Liverpool,105,1
E01006696,Liverpool 030C,E08000012,Liverpool,"1,390",1
E01006697,Liverpool 030D,E08000012,Liverpool,710,1
E01006698,Liverpool 012D,E08000012,Liverpool,"1,017",1
E01006699,Liverpool 014A,E08000012,Liverpool,325,1
E01006700,Liverpool 012E,E08000012,Liverpool,276,1
E01006701,Liverpool 014B,E08000012,Liverpool,"1,276",1
E01006702,Liverpool 014C,E08000012,Liverpool,158,1
E01006703,Liverpool 014D,E08000012,Liverpool,165,1
E01006705,Liverpool 009E,E08000012,Liverpool,676,1
E01006706,Liverpool 045A,E08000012,Liverpool,343,1
E01006707,Liverpool 045B,E08000012,Liverpool,860,1
E01006708,Liverpool 045C,E08000012,Liverpool,"2,573",1
E01006709,Liverpool 040A,E08000012,Liverpool,"2,753",1
E01006710,Liverpool 045D,E08000012,Liverpool,"4,472",2
E01006711,Liverpool 027A,E08000012,Liverpool,901,1
E01006712,Liverpool 029D,E08000012,Liverpool,"4,172",2
E01006713,Liverpool 029E,E08000012,Liverpool,"4,884",2
E01006716,Liverpool 032E,E08000012,Liverpool,"2,338",1
E01006717,Liverpool 027D,E08000012,Liverpool,"7,831",3
E01006718,Liverpool 027E,E08000012,Liverpool,"4,032",2
E01006719,Liverpool 027F,E08000012,Liverpool,"7,677",3
E01006720,Liverpool 035A,E08000012,Liverpool,764,1
E01006721,Liverpool 038C,E08000012,Liverpool,644,1
E01006722,Liverpool 038D,E08000012,Liverpool,"5,768",2
E01006723,Liverpool 038E,E08000012,Liverpool,"4,164",2
E01006724,Liverpool 038F,E08000012,Liverpool,"13,760",5
E01006725,Liverpool 035B,E08000012,Liverpool,"3,938",2
E01006726,Liverpool 035C,E08000012,Liverpool,"2,881",1
E01006727,Liverpool 035D,E08000012,Liverpool,"5,608",2
E01006728,Liverpool 035E,E08000012,Liverpool,460,1
E01006729,Liverpool 008C,E08000012,Liverpool,"1,028",1
E01006730,Liverpool 011C,E08000012,Liverpool,"1,204",1
E01006731,Liverpool 011D,E08000012,Liverpool,798,1
E01006732,Liverpool 011E,E08000012,Liverpool,469,1
E01006734,Liverpool 005C,E08000012,Liverpool,809,1
E01006735,Liverpool 005D,E08000012,Liverpool,301,1
E01006736,Liverpool 005E,E08000012,Liverpool,"2,419",1
E01006737,Liverpool 005F,E08000012,Liverpool,"1,599",1
E01006738,Liverpool 058A,E08000012,Liverpool,"1,280",1
E01006739,Liverpool 058B,E08000012,Liverpool,"1,187",1
E01006740,Liverpool 057A,E08000012,Liverpool,"1,359",1
E01006741,Liverpool 058C,E08000012,Liverpool,"1,506",1
E01006742,Liverpool 057B,E08000012,Liverpool,"3,553",2
E01006743,Liverpool 058D,E08000012,Liverpool,"7,096",3
E01006744,Liverpool 057C,E08000012,Liverpool,"5,324",2
E01006745,Liverpool 057D,E08000012,Liverpool,"2,874",1
E01006746,Liverpool 030E,E08000012,Liverpool,"1,527",1
E01006747,Liverpool 031B,E08000012,Liverpool,"11,477",4
E01006748,Liverpool 031C,E08000012,Liverpool,"6,451",2
E01006751,Liverpool 031F,E08000012,Liverpool,"4,262",2
E01006752,Liverpool 035F,E08000012,Liverpool,"1,788",1
E01006753,Liverpool 059A,E08000012,Liverpool,852,1
E01006754,Liverpool 059B,E08000012,Liverpool,802,1
E01006755,Liverpool 059C,E08000012,Liverpool,559,1
E01006756,Liverpool 059D,E08000012,Liverpool,923,1
E01006757,Liverpool 059E,E08000012,Liverpool,"1,055",1
E01006758,Liverpool 059F,E08000012,Liverpool,"1,099",1
E01006759,Liverpool 028D,E08000012,Liverpool,"2,433",1
E01006760,Liverpool 028E,E08000012,Liverpool,34,1
E01006761,Liverpool 020B,E08000012,Liverpool,763,1
E01006762,Liverpool 015E,E08000012,Liverpool,"1,463",1
E01006763,Liverpool 020C,E08000012,Liverpool,"2,714",1
E01006764,Liverpool 020D,E08000012,Liverpool,554,1
E01006765,Liverpool 020E,E08000012,Liverpool,"3,528",2
E01006766,Liverpool 019E,E08000012,Liverpool,118,1
E01006767,Liverpool 019F,E08000012,Liverpool,617,1
E01006768,Liverpool 020F,E08000012,Liverpool,"1,982",1
E01006769,Liverpool 040B,E08000012,Liverpool,"2,819",1
E01006770,Liverpool 040C,E08000012,Liverpool,"2,344",1
E01006771,Liverpool 040D,E08000012,Liverpool,462,1
E01006772,Liverpool 040E,E08000012,Liverpool,"5,080",2
E01006773,Liverpool 036D,E08000012,Liverpool,"16,445",6
E01006774,Liverpool 036E,E08000012,Liverpool,"23,016",8
E01006775,Liverpool 040F,E08000012,Liverpool,367,1
E01006776,Liverpool 022B,E08000012,Liverpool,"2,641",1
E01006778,Liverpool 014E,E08000012,Liverpool,266,1
E01006779,Liverpool 022D,E08000012,Liverpool,173,1
E01006780,Liverpool 002D,E08000012,Liverpool,"6,754",3
E01006781,Liverpool 003A,E08000012,Liverpool,"15,131",5
E01006782,Liverpool 003B,E08000012,Liverpool,"4,426",2
E01006783,Liverpool 002E,E08000012,Liverpool,"3,981",2
E01006784,Liverpool 003C,E08000012,Liverpool,"5,617",2
E01006785,Liverpool 003D,E08000012,Liverpool,"3,399",2
E01006786,Liverpool 003E,E08000012,Liverpool,"5,317",2
E01006787,Liverpool 006A,E08000012,Liverpool,"1,543",1
E01006788,Liverpool 006B,E08000012,Liverpool,"5,240",2
E01006790,Liverpool 006C,E08000012,Liverpool,170,1
E01006791,Liverpool 006D,E08000012,Liverpool,410,1
E01006792,Liverpool 046A,E08000012,Liverpool,"20,588",7
E01006793,Liverpool 051A,E08000012,Liverpool,"8,125",3
E01006794,Liverpool 046B,E08000012,Liverpool,"18,018",6
E01006795,Liverpool 051B,E08000012,Liverpool,"20,576",7
E01006796,Liverpool 047E,E08000012,Liverpool,"28,772",9
E01006797,Liverpool 051C,E08000012,Liverpool,"3,618",2
E01006798,Liverpool 051D,E08000012,Liverpool,"20,182",7
E01006799,Liverpool 051E,E08000012,Liverpool,"7,354",3
E01006800,Liverpool 046C,E08000012,Liverpool,"20,777",7
E01006801,Liverpool 046D,E08000012,Liverpool,"18,740",6
E01006920,Sefton 011A,E08000014,Sefton,"16,917",6
E01006921,Sefton 012A,E08000014,Sefton,"24,212",8
E01006922,Sefton 012B,E08000014,Sefton,"23,931",8
E01006923,Sefton 012C,E08000014,Sefton,"22,130",7
E01006924,Sefton 011B,E08000014,Sefton,"3,523",2
E01006925,Sefton 011C,E08000014,Sefton,"8,224",3
E01006926,Sefton 012D,E08000014,Sefton,"31,087",10
E01006927,Sefton 011D,E08000014,Sefton,"18,429",6
E01006928,Sefton 009A,E08000014,Sefton,"25,973",8
E01006929,Sefton 010A,E08000014,Sefton,"14,028",5
E01006930,Sefton 010B,E08000014,Sefton,"14,354",5
E01006931,Sefton 010C,E08000014,Sefton,"25,804",8
E01006932,Sefton 010D,E08000014,Sefton,"29,320",9
E01006933,Sefton 010E,E08000014,Sefton,"14,406",5
E01006934,Sefton 007A,E08000014,Sefton,"14,838",5
E01006935,Sefton 009B,E08000014,Sefton,"19,445",6
E01006936,Sefton 022A,E08000014,Sefton,"26,161",8
E01006937,Sefton 022B,E08000014,Sefton,"28,105",9
E01006938,Sefton 022C,E08000014,Sefton,"22,293",7
E01006939,Sefton 022D,E08000014,Sefton,"18,883",6
E01006940,Sefton 022E,E08000014,Sefton,"22,689",7
E01006941,Sefton 028A,E08000014,Sefton,"19,119",6
E01006942,Sefton 028B,E08000014,Sefton,"15,461",5
E01006943,Sefton 022F,E08000014,Sefton,"30,435",10
E01006944,Sefton 003A,E08000014,Sefton,"6,457",2
E01006945,Sefton 004A,E08000014,Sefton,"4,163",2
E01006946,Sefton 001A,E08000014,Sefton,"15,562",5
E01006947,Sefton 002A,E08000014,Sefton,"21,574",7
E01006948,Sefton 003B,E08000014,Sefton,"4,125",2
E01006949,Sefton 003C,E08000014,Sefton,"17,414",6
E01006950,Sefton 004B,E08000014,Sefton,"1,901",1
E01006951,Sefton 003D,E08000014,Sefton,"15,600",5
E01006952,Sefton 032A,E08000014,Sefton,428,1
E01006953,Sefton 032B,E08000014,Sefton,"3,561",2
E01006954,Sefton 028C,E08000014,Sefton,"10,364",4
E01006955,Sefton 030A,E08000014,Sefton,"18,413",6
E01006956,Sefton 030B,E08000014,Sefton,"5,101",2
E01006957,Sefton 032C,E08000014,Sefton,"1,498",1
E01006958,Sefton 030C,E08000014,Sefton,"4,919",2
E01006959,Sefton 032D,E08000014,Sefton,"8,474",3
E01006960,Sefton 038A,E08000014,Sefton,"8,082",3
E01006961,Sefton 038B,E08000014,Sefton,807,1
E01006962,Sefton 038C,E08000014,Sefton,"4,962",2
E01006963,Sefton 038D,E08000014,Sefton,128,1
E01006964,Sefton 036A,E08000014,Sefton,"1,180",1
E01006965,Sefton 038E,E08000014,Sefton,"1,759",1
E01006966,Sefton 038F,E08000014,Sefton,"3,752",2
E01006967,Sefton 037A,E08000014,Sefton,508,1
E01006968,Sefton 004C,E08000014,Sefton,"1,388",1
E01006969,Sefton 004D,E08000014,Sefton,"6,488",2
E01006970,Sefton 007B,E08000014,Sefton,"6,194",2
E01006971,Sefton 009C,E08000014,Sefton,"13,192",5
E01006972,Sefton 009D,E08000014,Sefton,"15,886",5
E01006973,Sefton 009E,E08000014,Sefton,"19,859",7
E01006974,Sefton 009F,E08000014,Sefton,"27,809",9
E01006976,Sefton 033A,E08000014,Sefton,"10,307",4
E01006977,Sefton 032E,E08000014,Sefton,"4,156",2
E01006978,Sefton 031A,E08000014,Sefton,"14,621",5
E01006979,Sefton 024A,E08000014,Sefton,899,1
E01006980,Sefton 024B,E08000014,Sefton,697,1
E01006981,Sefton 031B,E08000014,Sefton,"1,950",1
E01006982,Sefton 031C,E08000014,Sefton,"9,072",3
E01006983,Sefton 031D,E08000014,Sefton,"13,083",4
E01006984,Sefton 031E,E08000014,Sefton,"1,448",1
E01006985,Sefton 013A,E08000014,Sefton,"31,044",10
E01006986,Sefton 013B,E08000014,Sefton,"26,846",9
E01006987,Sefton 013C,E08000014,Sefton,"26,550",9
E01006988,Sefton 014A,E08000014,Sefton,"17,702",6
E01006989,Sefton 013D,E08000014,Sefton,"26,630",9
E01006990,Sefton 013E,E08000014,Sefton,"31,393",10
E01006991,Sefton 015A,E08000014,Sefton,"30,359",10
E01006992,Sefton 015B,E08000014,Sefton,"23,019",8
E01006993,Sefton 015C,E08000014,Sefton,"29,761",10
E01006994,Sefton 007C,E08000014,Sefton,"7,792",3
E01006995,Sefton 008A,E08000014,Sefton,"19,163",6
E01006996,Sefton 007D,E08000014,Sefton,"7,762",3
E01006997,Sefton 008B,E08000014,Sefton,"11,333",4
E01006998,Sefton 007E,E08000014,Sefton,"9,766",3
E01006999,Sefton 008C,E08000014,Sefton,"15,282",5
E01007000,Sefton 008D,E08000014,Sefton,"9,005",3
E01007001,Sefton 008E,E08000014,Sefton,"11,468",4
E01007002,Sefton 008F,E08000014,Sefton,"25,122",8
E01007003,Sefton 036B,E08000014,Sefton,71,1
E01007004,Sefton 034A,E08000014,Sefton,"1,105",1
E01007005,Sefton 034B,E08000014,Sefton,54,1
E01007006,Sefton 036C,E08000014,Sefton,108,1
E01007007,Sefton 037B,E08000014,Sefton,57,1
E01007008,Sefton 037C,E08000014,Sefton,257,1
E01007009,Sefton 037D,E08000014,Sefton,443,1
E01007010,Sefton 037E,E08000014,Sefton,369,1
E01007011,Sefton 034C,E08000014,Sefton,296,1
E01007012,Sefton 036D,E08000014,Sefton,"2,101",1
E01007013,Sefton 036E,E08000014,Sefton,540,1
E01007014,Sefton 033B,E08000014,Sefton,"15,251",5
E01007016,Sefton 034D,E08000014,Sefton,"1,956",1
E01007017,Sefton 034E,E08000014,Sefton,"2,049",1
E01007019,Sefton 035A,E08000014,Sefton,349,1
E01007020,Sefton 021A,E08000014,Sefton,"6,135",2
E01007021,Sefton 025A,E08000014,Sefton,"29,516",9
E01007022,Sefton 021B,E08000014,Sefton,"6,858",3
E01007023,Sefton 021C,E08000014,Sefton,"25,210",8
E01007024,Sefton 024C,E08000014,Sefton,"3,302",2
E01007025,Sefton 025B,E08000014,Sefton,"29,518",9
E01007026,Sefton 024D,E08000014,Sefton,"4,544",2
E01007027,Sefton 021D,E08000014,Sefton,"26,895",9
E01007028,Sefton 001B,E08000014,Sefton,"17,151",6
E01007029,Sefton 001C,E08000014,Sefton,"17,227",6
E01007030,Sefton 001D,E08000014,Sefton,"13,058",4
E01007031,Sefton 002B,E08000014,Sefton,"19,909",7
E01007032,Sefton 002C,E08000014,Sefton,"27,488",9
E01007033,Sefton 002D,E08000014,Sefton,"19,538",6
E01007034,Sefton 003E,E08000014,Sefton,"29,127",9
E01007035,Sefton 002E,E08000014,Sefton,"20,758",7
E01007036,Sefton 001E,E08000014,Sefton,"21,546",7
E01007037,Sefton 021E,E08000014,Sefton,"18,216",6
E01007038,Sefton 021F,E08000014,Sefton,"6,267",2
E01007039,Sefton 026A,E08000014,Sefton,"13,905",5
E01007040,Sefton 026B,E08000014,Sefton,"9,907",4
E01007041,Sefton 027A,E08000014,Sefton,"12,761",4
E01007042,Sefton 026C,E08000014,Sefton,"12,201",4
E01007043,Sefton 027B,E08000014,Sefton,"20,556",7
E01007044,Sefton 026D,E08000014,Sefton,"19,841",7
E01007045,Sefton 026E,E08000014,Sefton,"17,598",6
E01007046,Sefton 027C,E08000014,Sefton,"13,095",4
E01007047,Sefton 033E,E08000014,Sefton,"5,041",2
E01007048,Sefton 029A,E08000014,Sefton,"2,299",1
E01007049,Sefton 035B,E08000014,Sefton,"7,624",3
E01007050,Sefton 035C,E08000014,Sefton,"9,119",3
E01007051,Sefton 035D,E08000014,Sefton,667,1
E01007052,Sefton 035E,E08000014,Sefton,"3,470",2
E01007053,Sefton 027D,E08000014,Sefton,"10,150",4
E01007054,Sefton 029B,E08000014,Sefton,"4,193",2
E01007055,Sefton 005A,E08000014,Sefton,"2,731",1
E01007056,Sefton 005B,E08000014,Sefton,"13,205",5
E01007057,Sefton 005C,E08000014,Sefton,"16,407",5
E01007058,Sefton 006A,E08000014,Sefton,"7,467",3
E01007059,Sefton 006B,E08000014,Sefton,"17,238",6
E01007060,Sefton 006C,E08000014,Sefton,"7,106",3
E01007061,Sefton 006D,E08000014,Sefton,"21,423",7
E01007062,Sefton 005D,E08000014,Sefton,"17,807",6
E01007063,Sefton 005E,E08000014,Sefton,"15,830",5
E01007064,Sefton 006E,E08000014,Sefton,"18,916",6
E01007065,Sefton 020A,E08000014,Sefton,"21,146",7
E01007066,Sefton 020B,E08000014,Sefton,"20,485",7
E01007067,Sefton 017A,E08000014,Sefton,"23,324",8
E01007068,Sefton 017B,E08000014,Sefton,"27,089",9
E01007069,Sefton 017C,E08000014,Sefton,"13,711",5
E01007070,Sefton 017D,E08000014,Sefton,"27,821",9
E01007071,Sefton 020C,E08000014,Sefton,"20,892",7
E01007072,Sefton 020D,E08000014,Sefton,"21,089",7
E01007073,Sefton 020E,E08000014,Sefton,"25,687",8
E01007074,Sefton 019A,E08000014,Sefton,"13,016",4
E01007075,Sefton 016A,E08000014,Sefton,"20,934",7
E01007076,Sefton 016B,E08000014,Sefton,"16,806",6
E01007077,Sefton 016C,E08000014,Sefton,"21,522",7
E01007078,Sefton 015D,E08000014,Sefton,"28,856",9
E01007079,Sefton 014B,E08000014,Sefton,"30,128",10
E01007080,Sefton 014C,E08000014,Sefton,"19,857",7
E01007081,Sefton 014D,E08000014,Sefton,"26,643",9
E01007082,Sefton 016D,E08000014,Sefton,"25,846",8
E01007083,Sefton 023A,E08000014,Sefton,"7,231",3
E01007084,Sefton 027E,E08000014,Sefton,"22,547",7
E01007085,Sefton 023B,E08000014,Sefton,"1,609",1
E01007086,Sefton 023C,E08000014,Sefton,936,1
E01007087,Sefton 029C,E08000014,Sefton,"2,336",1
E01007088,Sefton 029D,E08000014,Sefton,"6,149",2
E01007089,Sefton 024E,E08000014,Sefton,"1,258",1
E01007090,Sefton 029E,E08000014,Sefton,"1,744",1
E01007091,Sefton 023D,E08000014,Sefton,"5,400",2
E01007092,Sefton 023E,E08000014,Sefton,"1,589",1
E01007095,Sefton 018C,E08000014,Sefton,"24,643",8
E01007096,Sefton 018D,E08000014,Sefton,"26,885",9
E01007097,Sefton 019B,E08000014,Sefton,"24,026",8
E01007098,Sefton 019C,E08000014,Sefton,"19,808",7
E01007099,Sefton 019D,E08000014,Sefton,"15,789",5
E01007100,Sefton 018E,E08000014,Sefton,"24,566",8
E01007101,Sefton 017E,E08000014,Sefton,"24,544",8
E01007102,Sefton 030D,E08000014,Sefton,"11,961",4
E01007103,Sefton 030E,E08000014,Sefton,"21,057",7
E01007104,Sefton 028D,E08000014,Sefton,"20,048",7
E01007105,Sefton 025C,E08000014,Sefton,"20,138",7
E01007106,Sefton 025D,E08000014,Sefton,"15,501",5
E01007107,Sefton 025E,E08000014,Sefton,"25,189",8
E01007108,Sefton 025F,E08000014,Sefton,"18,995",6
E01007109,Sefton 028E,E08000014,Sefton,"13,020",4
E01007110,Wirral 035A,E08000015,Wirral,"22,752",7
E01007111,Wirral 032A,E08000015,Wirral,"27,570",9
E01007112,Wirral 032B,E08000015,Wirral,"12,880",4
E01007113,Wirral 032C,E08000015,Wirral,"22,545",7
E01007114,Wirral 032D,E08000015,Wirral,"9,436",3
E01007115,Wirral 031A,E08000015,Wirral,"12,344",4
E01007116,Wirral 032E,E08000015,Wirral,"18,166",6
E01007117,Wirral 035B,E08000015,Wirral,"25,844",8
E01007118,Wirral 035C,E08000015,Wirral,"6,700",3
E01007119,Wirral 019A,E08000015,Wirral,"1,856",1
E01007120,Wirral 011A,E08000015,Wirral,"2,649",1
E01007121,Wirral 011B,E08000015,Wirral,157,1
E01007122,Wirral 011C,E08000015,Wirral,19,1
E01007123,Wirral 011D,E08000015,Wirral,233,1
E01007124,Wirral 011E,E08000015,Wirral,174,1
E01007125,Wirral 015A,E08000015,Wirral,"2,377",1
E01007126,Wirral 016A,E08000015,Wirral,200,1
E01007127,Wirral 016B,E08000015,Wirral,26,1
E01007128,Wirral 016C,E08000015,Wirral,80,1
E01007129,Wirral 016D,E08000015,Wirral,84,1
E01007130,Wirral 021A,E08000015,Wirral,"1,135",1
E01007131,Wirral 021B,E08000015,Wirral,484,1
E01007133,Wirral 016E,E08000015,Wirral,102,1
E01007135,Wirral 039A,E08000015,Wirral,"20,913",7
E01007136,Wirral 039B,E08000015,Wirral,"4,641",2
E01007137,Wirral 039C,E08000015,Wirral,"7,900",3
E01007138,Wirral 031B,E08000015,Wirral,942,1
E01007139,Wirral 031C,E08000015,Wirral,"3,147",1
E01007140,Wirral 036A,E08000015,Wirral,"8,444",3
E01007141,Wirral 031D,E08000015,Wirral,"6,219",2
E01007142,Wirral 036B,E08000015,Wirral,"21,396",7
E01007143,Wirral 036C,E08000015,Wirral,"14,404",5
E01007144,Wirral 038A,E08000015,Wirral,"20,517",7
E01007145,Wirral 038B,E08000015,Wirral,"27,398",9
E01007146,Wirral 038C,E08000015,Wirral,"30,165",10
E01007147,Wirral 038D,E08000015,Wirral,"28,361",9
E01007148,Wirral 038E,E08000015,Wirral,"23,102",8
E01007149,Wirral 041A,E08000015,Wirral,"30,734",10
E01007150,Wirral 041B,E08000015,Wirral,"28,123",9
E01007151,Wirral 035D,E08000015,Wirral,"23,800",8
E01007152,Wirral 036D,E08000015,Wirral,"16,044",5
E01007153,Wirral 036E,E08000015,Wirral,"8,437",3
E01007154,Wirral 035E,E08000015,Wirral,"24,597",8
E01007155,Wirral 020A,E08000015,Wirral,"1,131",1
E01007156,Wirral 015B,E08000015,Wirral,"11,377",4
E01007157,Wirral 015C,E08000015,Wirral,"11,669",4
E01007158,Wirral 015D,E08000015,Wirral,"17,038",6
E01007159,Wirral 015E,E08000015,Wirral,"14,709",5
E01007160,Wirral 020B,E08000015,Wirral,"10,552",4
E01007161,Wirral 019B,E08000015,Wirral,"13,115",4
E01007162,Wirral 019C,E08000015,Wirral,"1,560",1
E01007163,Wirral 024A,E08000015,Wirral,"16,360",5
E01007164,Wirral 042A,E08000015,Wirral,"17,987",6
E01007165,Wirral 041C,E08000015,Wirral,"25,313",8
E01007166,Wirral 042B,E08000015,Wirral,"25,176",8
E01007167,Wirral 042C,E08000015,Wirral,"8,490",3
E01007168,Wirral 042D,E08000015,Wirral,"4,312",2
E01007169,Wirral 042E,E08000015,Wirral,"9,844",3
E01007170,Wirral 039D,E08000015,Wirral,"23,557",8
E01007171,Wirral 041D,E08000015,Wirral,"27,304",9
E01007172,Wirral 041E,E08000015,Wirral,"28,363",9
E01007173,Wirral 029A,E08000015,Wirral,"13,616",5
E01007174,Wirral 029B,E08000015,Wirral,"9,010",3
E01007175,Wirral 027A,E08000015,Wirral,"1,214",1
E01007176,Wirral 029C,E08000015,Wirral,"2,965",1
E01007177,Wirral 029D,E08000015,Wirral,"7,170",3
E01007178,Wirral 029E,E08000015,Wirral,"5,260",2
E01007179,Wirral 021C,E08000015,Wirral,"1,405",1
E01007180,Wirral 022A,E08000015,Wirral,"4,747",2
E01007181,Wirral 022B,E08000015,Wirral,"6,564",2
E01007182,Wirral 037A,E08000015,Wirral,"27,167",9
E01007183,Wirral 034A,E08000015,Wirral,"19,534",6
E01007184,Wirral 037B,E08000015,Wirral,"26,672",9
E01007185,Wirral 037C,E08000015,Wirral,"19,571",6
E01007186,Wirral 040A,E08000015,Wirral,"31,123",10
E01007187,Wirral 040B,E08000015,Wirral,"30,797",10
E01007188,Wirral 040C,E08000015,Wirral,"31,628",10
E01007189,Wirral 040D,E08000015,Wirral,"31,065",10
E01007190,Wirral 040E,E08000015,Wirral,"32,247",10
E01007191,Wirral 040F,E08000015,Wirral,"29,854",10
E01007192,Wirral 037D,E08000015,Wirral,"18,388",6
E01007193,Wirral 014A,E08000015,Wirral,"22,425",7
E01007194,Wirral 014B,E08000015,Wirral,"16,887",6
E01007195,Wirral 013A,E08000015,Wirral,"28,302",9
E01007196,Wirral 026A,E08000015,Wirral,"18,257",6
E01007197,Wirral 026B,E08000015,Wirral,"24,503",8
E01007198,Wirral 026C,E08000015,Wirral,"21,434",7
E01007199,Wirral 013B,E08000015,Wirral,"29,790",10
E01007200,Wirral 014C,E08000015,Wirral,"30,862",10
E01007201,Wirral 014D,E08000015,Wirral,"19,258",6
E01007202,Wirral 014E,E08000015,Wirral,"10,403",4
E01007203,Wirral 006A,E08000015,Wirral,"22,001",7
E01007204,Wirral 009A,E08000015,Wirral,400,1
E01007205,Wirral 006B,E08000015,Wirral,"3,562",2
E01007206,Wirral 009B,E08000015,Wirral,"10,445",4
E01007207,Wirral 009C,E08000015,Wirral,439,1
E01007208,Wirral 012A,E08000015,Wirral,"6,423",2
E01007209,Wirral 009D,E08000015,Wirral,"1,592",1
E01007210,Wirral 006C,E08000015,Wirral,"2,152",1
E01007211,Wirral 004A,E08000015,Wirral,"15,862",5
E01007212,Wirral 007A,E08000015,Wirral,"10,450",4
E01007213,Wirral 007B,E08000015,Wirral,"12,989",4
E01007214,Wirral 007C,E08000015,Wirral,"5,340",2
E01007215,Wirral 005A,E08000015,Wirral,652,1
E01007216,Wirral 005B,E08000015,Wirral,"5,675",2
E01007217,Wirral 007D,E08000015,Wirral,"6,105",2
E01007218,Wirral 002A,E08000015,Wirral,"3,358",2
E01007219,Wirral 005C,E08000015,Wirral,"4,157",2
E01007220,Wirral 005D,E08000015,Wirral,215,1
E01007221,Wirral 012B,E08000015,Wirral,"11,482",4
E01007222,Wirral 013C,E08000015,Wirral,"16,961",6
E01007223,Wirral 013D,E08000015,Wirral,"14,361",5
E01007224,Wirral 017A,E08000015,Wirral,"21,579",7
E01007225,Wirral 012C,E08000015,Wirral,"16,954",6
E01007226,Wirral 017B,E08000015,Wirral,"16,158",5
E01007227,Wirral 012D,E08000015,Wirral,"1,770",1
E01007228,Wirral 012E,E08000015,Wirral,"1,933",1
E01007229,Wirral 001A,E08000015,Wirral,"11,336",4
E01007230,Wirral 001B,E08000015,Wirral,"6,989",3
E01007231,Wirral 001C,E08000015,Wirral,"10,120",4
E01007232,Wirral 002B,E08000015,Wirral,"4,704",2
E01007233,Wirral 002C,E08000015,Wirral,"7,753",3
E01007234,Wirral 002D,E08000015,Wirral,"6,823",3
E01007235,Wirral 004B,E08000015,Wirral,"11,809",4
E01007236,Wirral 002E,E08000015,Wirral,"7,745",3
E01007237,Wirral 001D,E08000015,Wirral,"7,213",3
E01007238,Wirral 001E,E08000015,Wirral,"2,118",1
E01007239,Wirral 022C,E08000015,Wirral,"2,958",1
E01007240,Wirral 020C,E08000015,Wirral,"8,024",3
E01007241,Wirral 020D,E08000015,Wirral,"21,213",7
E01007242,Wirral 020E,E08000015,Wirral,"20,569",7
E01007243,Wirral 022D,E08000015,Wirral,"14,478",5
E01007244,Wirral 022E,E08000015,Wirral,"5,119",2
E01007245,Wirral 024B,E08000015,Wirral,"21,625",7
E01007246,Wirral 024C,E08000015,Wirral,"18,827",6
E01007247,Wirral 024D,E08000015,Wirral,"19,690",6
E01007248,Wirral 030A,E08000015,Wirral,"18,224",6
E01007249,Wirral 025A,E08000015,Wirral,"4,048",2
E01007250,Wirral 030B,E08000015,Wirral,"23,906",8
E01007251,Wirral 025B,E08000015,Wirral,"16,734",6
E01007252,Wirral 024E,E08000015,Wirral,"14,169",5
E01007253,Wirral 030C,E08000015,Wirral,548,1
E01007254,Wirral 030D,E08000015,Wirral,"32,244",10
E01007255,Wirral 034B,E08000015,Wirral,"15,387",5
E01007256,Wirral 034C,E08000015,Wirral,"23,028",8
E01007257,Wirral 025C,E08000015,Wirral,"1,336",1
E01007258,Wirral 028A,E08000015,Wirral,"27,774",9
E01007259,Wirral 023A,E08000015,Wirral,"28,748",9
E01007260,Wirral 028B,E08000015,Wirral,"24,696",8
E01007261,Wirral 023B,E08000015,Wirral,"29,550",9
E01007262,Wirral 028C,E08000015,Wirral,"30,547",10
E01007263,Wirral 026D,E08000015,Wirral,"4,764",2
E01007264,Wirral 023C,E08000015,Wirral,"26,292",9
E01007265,Wirral 017C,E08000015,Wirral,"18,319",6
E01007266,Wirral 023D,E08000015,Wirral,"27,935",9
E01007267,Wirral 023E,E08000015,Wirral,"21,271",7
E01007268,Wirral 023F,E08000015,Wirral,"23,787",8
E01007269,Wirral 010C,E08000015,Wirral,"1,896",1
E01007270,Wirral 010D,E08000015,Wirral,"1,111",1
E01007271,Wirral 010E,E08000015,Wirral,"2,379",1
E01007272,Wirral 008A,E08000015,Wirral,948,1
E01007273,Wirral 008B,E08000015,Wirral,95,1
E01007274,Wirral 008C,E08000015,Wirral,73,1
E01007275,Wirral 005E,E08000015,Wirral,"1,621",1
E01007276,Wirral 007E,E08000015,Wirral,"5,837",2
E01007277,Wirral 008D,E08000015,Wirral,"1,067",1
E01007278,Wirral 008E,E08000015,Wirral,273,1
E01007279,Wirral 034D,E08000015,Wirral,"25,684",8
E01007280,Wirral 033A,E08000015,Wirral,"26,268",8
E01007281,Wirral 028D,E08000015,Wirral,"29,713",10
E01007282,Wirral 026E,E08000015,Wirral,"22,511",7
E01007283,Wirral 028E,E08000015,Wirral,"24,574",8
E01007284,Wirral 033B,E08000015,Wirral,"27,497",9
E01007285,Wirral 033C,E08000015,Wirral,"23,125",8
E01007286,Wirral 034E,E08000015,Wirral,"19,237",6
E01007287,Wirral 033D,E08000015,Wirral,"16,951",6
E01007288,Wirral 037E,E08000015,Wirral,"13,298",5
E01007289,Wirral 031E,E08000015,Wirral,199,1
E01007290,Wirral 027B,E08000015,Wirral,715,1
E01007291,Wirral 021D,E08000015,Wirral,456,1
E01007292,Wirral 021E,E08000015,Wirral,444,1
E01007293,Wirral 027C,E08000015,Wirral,124,1
E01007294,Wirral 021F,E08000015,Wirral,"4,028",2
E01007295,Wirral 027D,E08000015,Wirral,927,1
E01007296,Wirral 027E,E08000015,Wirral,"1,008",1
E01007297,Wirral 018A,E08000015,Wirral,"8,462",3
E01007298,Wirral 018B,E08000015,Wirral,"24,579",8
E01007299,Wirral 017D,E08000015,Wirral,"17,905",6
E01007300,Wirral 019D,E08000015,Wirral,"4,075",2
E01007301,Wirral 018C,E08000015,Wirral,"20,032",7
E01007302,Wirral 018D,E08000015,Wirral,"8,290",3
E01007303,Wirral 025D,E08000015,Wirral,421,1
E01007304,Wirral 025E,E08000015,Wirral,"1,807",1
E01007305,Wirral 018E,E08000015,Wirral,"19,008",6
E01007306,Wirral 017E,E08000015,Wirral,"21,355",7
E01007307,Wirral 003A,E08000015,Wirral,"19,133",6
E01007308,Wirral 003B,E08000015,Wirral,"25,353",8
E01007309,Wirral 006D,E08000015,Wirral,"23,540",8
E01007310,Wirral 004C,E08000015,Wirral,"20,143",7
E01007311,Wirral 004D,E08000015,Wirral,"24,609",8
E01007312,Wirral 003C,E08000015,Wirral,"12,609",4
E01007313,Wirral 003D,E08000015,Wirral,"11,496",4
E01007314,Wirral 004E,E08000015,Wirral,"12,103",4
E01007315,Wirral 003E,E08000015,Wirral,"20,326",7
E01007316,Wirral 004F,E08000015,Wirral,"19,939",7
E01032505,Liverpool 050F,E08000012,Liverpool,"4,319",2
E01032506,Liverpool 050G,E08000012,Liverpool,"3,462",2
E01032507,Liverpool 050H,E08000012,Liverpool,"10,594",4
E01032508,Liverpool 027G,E08000012,Liverpool,"1,071",1
E01032509,Liverpool 027H,E08000012,Liverpool,974,1
E01032510,Liverpool 008F,E08000012,Liverpool,"4,149",2
E01032511,Liverpool 008G,E08000012,Liverpool,"3,367",2
E01032903,Wirral 010F,E08000015,Wirral,637,1
E01033094,Sefton 004F,E08000014,Sefton,782,1
E01033095,Sefton 033F,E08000014,Sefton,"13,328",5
E01033096,Sefton 018F,E08000014,Sefton,"13,534",5
E01033097,Sefton 004G,E08000014,Sefton,"2,947",1
E01033228,Knowsley 008F,E08000011,Knowsley,56,1
E01033747,Liverpool 018F,E08000012,Liverpool,114,1
E01033748,Liverpool 050I,E08000012,Liverpool,"19,243",6
E01033749,Liverpool 042F,E08000012,Liverpool,"19,700",6
E01033750,Liverpool 061A,E08000012,Liverpool,"22,439",7
E01033751,Liverpool 062A,E08000012,Liverpool,"3,937",2
E01033752,Liverpool 062B,E08000012,Liverpool,"25,826",8
E01033753,Liverpool 062C,E08000012,Liverpool,"24,501",8
E01033754,Liverpool 061B,E08000012,Liverpool,"7,525",3
E01033755,Liverpool 062D,E08000012,Liverpool,"16,540",6
E01033756,Liverpool 061C,E08000012,Liverpool,"18,895",6
E01033757,Liverpool 037E,E08000012,Liverpool,"7,675",3
E01033758,Liverpool 060B,E08000012,Liverpool,"7,769",3
E01033759,Liverpool 010F,E08000012,Liverpool,"1,040",1
E01033760,Liverpool 060C,E08000012,Liverpool,"11,379",4
E01033761,Liverpool 060D,E08000012,Liverpool,"13,373",5
E01033762,Liverpool 060E,E08000012,Liverpool,"14,802",5
E01033763,Liverpool 031G,E08000012,Liverpool,610,1
E01033764,Liverpool 022E,E08000012,Liverpool,116,1
E01033765,Liverpool 061D,E08000012,Liverpool,945,1
E01033766,Liverpool 042G,E08000012,Liverpool,"12,842",4
E01033767,Liverpool 050J,E08000012,Liverpool,422,1
E01033768,Liverpool 037F,E08000012,Liverpool,"1,833",1
